source,target,weight
IRAK2 , P68467,1
TRAF6 , P68467,1
DDX3X , P68467,1
TRAF6 , Q8V2D1,1
CCDC14 , Q777C3,1
CTSC , Q777C3,1
MAPK7 , Q777C3,1
RPL4 , P12977,1
NR4A1 , P12977,1
CSNK2B , P26662,1
PPARG , P26662,1
HIST1H2AI , Q9DUM3,1
STAT3 , Q9DUM3,1
HAX1 , O12160,1
HNRNPK , Q8V1E7,1
CDK1 , Q8AZK7,1
KHDRBS1 , Q8AZK7,1
SF3B2 , Q8AZK7,1
MAGED1 , Q8AZK7,1
HNRNPK , Q8AZK7,1
PSMA3 , Q8AZK7,1
RCN2 , Q8AZK7,1
UBC , Q8AZK7,1
HNRNPA2B1 , Q8AZK7,1
HSPA8 , Q8AZK7,1
SET , Q8AZK7,1
AKAP8L , Q8AZK7,1
ALDH1B1 , Q8AZK7,1
HNRNPD , Q8AZK7,1
HNRNPM , Q8AZK7,1
HNRNPR , Q8AZK7,1
HNRNPU , Q8AZK7,1
GCN1L1 , Q8AZK7,1
HSPB1 , Q8AZK7,1
HSPD1 , Q8AZK7,1
IARS , Q8AZK7,1
GBAS , Q8AZK7,1
HSPA1A , Q8AZK7,1
XPOT , Q8AZK7,1
WDR77 , Q8AZK7,1
FLNC , Q8AZK7,1
BAG2 , Q8AZK7,1
UBR5 , Q8AZK7,1
TUBB , Q8AZK7,1
TUBA1B , Q8AZK7,1
TNNT3 , Q8AZK7,1
CAD , Q8AZK7,1
TIMM50 , Q8AZK7,1
CAPZA1 , Q8AZK7,1
GLUD1 , Q8AZK7,1
SSBP1 , Q8AZK7,1
SNRPD2 , Q8AZK7,1
SNRPB2 , Q8AZK7,1
SNRPA , Q8AZK7,1
SNRNP200 , Q8AZK7,1
HNRNPCL1 , Q8AZK7,1
LDHB , Q8AZK7,1
SLC25A6 , Q8AZK7,1
HIST1H1D , Q8AZK7,1
SFPQ , Q8AZK7,1
HNRNPAB , Q8AZK7,1
SERBP1 , Q8AZK7,1
LRPPRC , Q8AZK7,1
SEC16A , Q8AZK7,1
SEC13 , Q8AZK7,1
RUVBL2 , Q8AZK7,1
RSL1D1 , Q8AZK7,1
RPS9 , Q8AZK7,1
RPS8 , Q8AZK7,1
HNRNPA0 , Q8AZK7,1
RPS6 , Q8AZK7,1
RPS3A , Q8AZK7,1
RPS23 , Q8AZK7,1
RPS2 , Q8AZK7,1
RPS18 , Q8AZK7,1
RPS17 , Q8AZK7,1
RPS16 , Q8AZK7,1
RPS13 , Q8AZK7,1
RPL9 , Q8AZK7,1
RPL8 , Q8AZK7,1
RPL7A , Q8AZK7,1
RPL7 , Q8AZK7,1
RPL31 , Q8AZK7,1
HIST1H2BD , Q8AZK7,1
RPL23 , Q8AZK7,1
RPL22 , Q8AZK7,1
RPL18 , Q8AZK7,1
RPL17-C18orf32 , Q8AZK7,1
RPL13 , Q8AZK7,1
RPL12 , Q8AZK7,1
RPL10 , Q8AZK7,1
MLF2 , Q8AZK7,1
EPRS , Q8AZK7,1
RFC3 , Q8AZK7,1
GRPEL1 , Q8AZK7,1
CLPX , Q8AZK7,1
RCN1 , Q8AZK7,1
CLTC , Q8AZK7,1
CSE1L , Q8AZK7,1
EIF3B , Q8AZK7,1
QARS , Q8AZK7,1
PTBP1 , Q8AZK7,1
PSMD2 , Q8AZK7,1
HSPA5 , Q8AZK7,1
PSMC2 , Q8AZK7,1
PSMB6 , Q8AZK7,1
PRPF8 , Q8AZK7,1
DARS , Q8AZK7,1
ILF3 , Q8AZK7,1
NCL , Q8AZK7,1
DDX17 , Q8AZK7,1
DDX5 , Q8AZK7,1
DHX9 , Q8AZK7,1
PCCB , Q8AZK7,1
PCCA , Q8AZK7,1
PCBP2 , Q8AZK7,1
H1FX , Q8AZK7,1
P4HA2 , Q8AZK7,1
DNAJB1 , Q8AZK7,1
NUP93 , Q8AZK7,1
DNAJB5 , Q8AZK7,1
NIPSNAP1 , Q8AZK7,1
DNAJB6 , Q8AZK7,1
NONO , Q8AZK7,1
RUVBL1 , Q8AZK7,1
SYNCRIP , Q8AZK7,1
XRCC5 , Q8AZK7,1
SF3B1 , Q8AZK7,1
RAD50 , Q8AZK7,1
HNRNPA1 , Q8AZK7,1
HAX1 , Q8AZK7,1
IQGAP2 , Q8AZK7,1
SRSF1 , Q8AZK7,1
IQGAP2 , P13288,1
HNRNPA2B1 , P68318,1
RBM3 , P68318,1
HNRNPA2B1 , P07242,1
SOCS1 , P05888,1
TUBA3D , P05888,1
UBC , P05888,1
UBC , P04325,1
EZR , P03485,1
HSPA8 , P03485,1
NPM1 , P68951,1
SET , P68951,1
NPM1 , P24938,1
MAP2K7 , P20505,1
MAPK8IP1 , P20505,1
JUN , P20505,1
PURA , P03072,1
UBE2I , P03114,1
TRIP13 , P03114,1
POLA1 , P10193,1
SUMO1 , P59595,1
HNRNPA1 , P59595,1
SMARCB1 , P03116,1
PIAS1 , P03116,1
PIAS2 , P03116,1
SUMO1 , P03116,1
RANBP2 , P03116,1
SUMO2 , P03116,1
RPA1 , P03116,1
UBE2I , P03116,1
SMARCB1 , P04014,1
PIAS1 , P04014,1
PIAS2 , P04014,1
SUMO1 , P04014,1
POLA1 , P04014,1
H1F0 , P04014,1
SMARCB1 , P06789,1
CCNT1 , P04326,1
KAT5 , P04326,1
SUB1 , P04326,1
SMARCA2 , P04326,1
CDK9 , P04326,1
SMARCB1 , P04326,1
EP300 , P04326,1
SMARCC2 , P04326,1
SMARCC1 , P04326,1
CCNT1 , O12161,1
EP300 , O12161,1
KAT2B , O12161,1
TP73 , O12161,1
KAT2B , P03119,1
KAT2B , P04015,1
SMN1 , P04015,1
BRD4 , P04015,1
BRD4 , P11298,1
BRD4 , P17383,1
BRD4 , P03121,1
KAT2B , P03120,1
TOPBP1 , P03120,1
POMP , P03120,1
CITED1 , P03120,1
GTF2B , P03120,1
TBP , P03120,1
CEBPB , P03120,1
CEBPA , P03120,1
SMN1 , P03120,1
BRD4 , P03120,1
TP53 , P03120,1
EP300 , P03122,1
GTF2B , P03122,1
TBP , P03122,1
TAF1 , P03122,1
NAP1L1 , P03122,1
TAF6 , P03122,1
CEBPB , P03122,1
CEBPA , P03122,1
SMN1 , P03122,1
BRD4 , P03122,1
GPS2 , P03122,1
EP300 , P06790,1
KAT2B , P06790,1
TAF1 , P06790,1
NAP1L1 , P06790,1
TAF6 , P06790,1
CEBPB , P06790,1
CEBPA , P06790,1
SMN1 , P06790,1
BRD4 , P06790,1
EP300 , P06422,1
NAP1L1 , P06422,1
CEBPB , P06422,1
CEBPA , P06422,1
CREBBP , P03074,1
EP300 , P03074,1
CREBBP , P03259,1
EP300 , P03259,1
PSMC5 , P03259,1
YY1 , P03259,1
POU5F1 , P03259,1
CITED1 , P03259,1
PSMC3 , P03255,1
KAT2A , P03255,1
TRRAP , P03255,1
DYRK1B , P03255,1
ZMYND11 , P03255,1
CCNA1 , P03255,1
RARB , P03255,1
MED28 , P03255,1
PSMC6 , P03255,1
CTBP1 , P03255,1
CREBBP , P03255,1
EP300 , P03255,1
PSMC5 , P03255,1
POU5F1 , P03255,1
RBL2 , P03255,1
RBL1 , P03255,1
RB1 , P03255,1
KAT2B , P03255,1
TBP , P03255,1
TAF1 , P03255,1
STAT1 , P03255-2,1
GNB2L1 , P03255-2,1
MDM4 , P03255-2,1
PSMC3 , P03255-2,1
KAT2A , P03255-2,1
TRRAP , P03255-2,1
DYRK1B , P03255-2,1
ZMYND11 , P03255-2,1
CREBBP , P03255-2,1
EP300 , P03255-2,1
PSMC5 , P03255-2,1
RAN , P03255-2,1
RB1 , P03255-2,1
KAT2B , P03255-2,1
STAT1 , P03255-1,1
PSMC3 , P03255-1,1
EP300 , P03255-1,1
PSMC5 , P03255-1,1
RAN , P03255-1,1
RB1 , P03255-1,1
PSMC5 , P03259-1,1
RPA1 , P03070,1
CREBBP , P03070,1
EP300 , P03070,1
PSMC5 , P03070,1
RAN , P03070,1
HDAC1 , P03070,1
CDK1 , P03070,1
CCNA2 , P03070,1
CDK2 , P03070,1
CSNK2A1 , P03070,1
POLA1 , P03070,1
H1F0 , P03070,1
TOP1 , P03070,1
FBXW11 , P03070,1
FBXW7 , P03070,1
TEAD1 , P03070,1
BUB3 , P03070,1
IRS1 , P03070,1
KPNA4 , P03070,1
KIN , P03070,1
UBTF , P03070,1
BUB1 , P03070,1
PURA , P03070,1
BTRC , P03070,1
RB1 , P03070,1
RPA2 , P03070,1
GTF2B , P03070,1
TBP , P03070,1
TAF1 , P03070,1
TP53 , P03070,1
KPNA2 , P03070,1
SP1 , P03070,1
CREBBP , P03129,1
EP300 , P03129,1
RAN , P03129,1
HDAC1 , P03129,1
CDK1 , P03129,1
CCNA2 , P03129,1
CDK2 , P03129,1
CSNK2A1 , P03129,1
POU5F1 , P03129,1
RBL2 , P03129,1
RBL1 , P03129,1
RB1 , P03129,1
KAT2B , P03129,1
JUND , P03129,1
CHD4 , P03129,1
JUNB , P03129,1
RPS25 , P03129,1
NOLC1 , P03129,1
SIVA1 , P03129,1
PSMC1 , P03129,1
FOXM1 , P03129,1
E2F3 , P03129,1
E2F4 , P03129,1
E2F2 , P03129,1
FOS , P03129,1
SNW1 , P03129,1
TFDP2 , P03129,1
CCNE2 , P03129,1
DNAJA3 , P03129,1
CDKN1A , P03129,1
UBR4 , P03129,1
E2F1 , P03129,1
MYC , P03129,1
IRF1 , P03129,1
PPP2R1A , P03129,1
PPP2CA , P03129,1
TBP , P03129,1
JUN , P03129,1
PKM , P03129,1
HDAC2 , P03129,1
BRCA1 , P03129,1
EP300 , P04020,1
RB1 , P04020,1
UBR4 , P04020,1
E2F1 , P04020,1
MYC , P04020,1
IRF1 , P04020,1
PPP2R1A , P04020,1
PPP2CA , P04020,1
PKM , P04020,1
CSNK2A1 , P06464,1
RB1 , P06464,1
KAT2B , P06464,1
DNAJA3 , P06464,1
CDKN1A , P06464,1
UBR4 , P06464,1
E2F1 , P06464,1
CCNE1 , P06788,1
TGM2 , P06788,1
CCNA2 , P06788,1
CDK2 , P06788,1
CSNK2A1 , P06788,1
RBL1 , P06788,1
RB1 , P06788,1
KAT2B , P06788,1
E2F1 , P06788,1
MYC , P06788,1
RBL2 , A0MPS7,1
RBL1 , A0MPS7,1
RB1 , A0MPS7,1
RB1 , P03256,1
RB1 , P12533,1
HDAC1 , P17387,1
RB1 , P17387,1
HDAC2 , P17387,1
YY1 , Q8JSK4,1
POU5F1 , Q8JSK4,1
RB1 , Q8JSK4,1
TBP , Q8JSK4,1
TBP , Q6JGG5,1
RAN , P03254,1
TBP , P03254,1
ATF1 , P03259-2,1
PRKAR1A , P03259-2,1
PRKAR2A , P03259-2,1
PRKAR2B , P03259-2,1
CREB1 , P03259-2,1
CREBBP , P03259-2,1
TOP1 , P03081,1
PPP2R1A , P03081,1
PPP2CA , P03081,1
PPP2R1B , P03081,1
PPP2CA , P03076,1
PPP2CA , P68834,1
PPP2CA , P00524,1
HSP90AA1 , P26664,1
STAT1 , P26664,1
BAD , P17361,1
BAX , P17361,1
BID , P17361,1
BCL2L11 , P17361,1
BAD , P68451,1
BAX , P68451,1
BID , P68451,1
BCL2L11 , P68451,1
PMAIP1 , P68451,1
BBC3 , P68451,1
BAK1 , P68451,1
BAK1 , P24356,1
PTPN3 , Q77E16,1
UBE3A , Q77E16,1
UBE3A , P06933,1
MAGI1 , P06931,1
DLG1 , P06931,1
UBE3A , P06931,1
FBLN1 , P06931,1
RCN2 , P06931,1
PXN , P06931,1
TP53 , P17386,1
MAGI1 , P17386,1
DLG1 , P17386,1
UBE3A , P17386,1
FBLN1 , P17386,1
RCN2 , P17386,1
DLG1 , P36799,1
UBE3A , P36799,1
DLG1 , O57125,1
DLG1 , Q4ZGA4,1
DLG1 , Q9QNP8,1
DLG1 , Q9WH13,1
DLG1 , Q9ICL1,1
DLG1 , P89079,1
MAGI1 , P03127,1
DLG1 , P03127,1
GPS2 , P06428,1
XRCC1 , P06428,1
MAGI1 , P06428,1
DLG1 , P06428,1
GPS2 , P06929,1
XRCC1 , P06929,1
CREBBP , P03126,1
EP300 , P03126,1
MYC , P03126,1
SERTAD1 , P03126,1
TP53 , P03126,1
BAK1 , P03126,1
MCM7 , P03126,1
GPS2 , P03126,1
XRCC1 , P03126,1
SCRIB , P03126,1
TAX1BP3 , P03126,1
IRF3 , P03126,1
TSC2 , P03126,1
TNFRSF1A , P03126,1
SIPA1L1 , P03126,1
FADD , P03126,1
TP73 , P03126,1
MAGI1 , P03126,1
DLG1 , P03126,1
UBE3A , P03126,1
FBLN1 , P03126,1
RCN2 , P03126,1
TNPO1 , P03126,1
KPNB1 , P03126,1
KPNA2 , P03126,1
BRCA1 , P03126,1
EP300 , P06463,1
TBP , P06463,1
PTPN3 , P06463,1
GIPC1 , P06463,1
GOPC , P06463,1
TYK2 , P06463,1
TP53 , P06463,1
BAK1 , P06463,1
MCM7 , P06463,1
GPS2 , P06463,1
SCRIB , P06463,1
TAX1BP3 , P06463,1
MAGI1 , P06463,1
DLG1 , P06463,1
UBE3A , P06463,1
FBLN1 , P06463,1
EP300 , P04019,1
SERTAD1 , P04019,1
TYK2 , P04019,1
TP53 , P04019,1
BAK1 , P04019,1
MCM7 , P04019,1
GPS2 , P04019,1
TP73 , P04019,1
MAGI1 , P04019,1
DLG1 , P04019,1
UBE3A , P04019,1
CREBBP , P06462,1
EP300 , P06462,1
SERTAD1 , P06462,1
ZYX , P06462,1
MCM7 , P06462,1
GPS2 , P06462,1
MAGI1 , P06462,1
DLG1 , P06462,1
MCM7 , P26555,1
DAXX , P03244,1
TP53 , P03244,1
DAXX , P04491,1
DAXX , P03243,1
CTBP1 , Q69140,1
E4F1 , Q64770,1
HDAC1 , Q64770,1
E4F1 , Q8V1H6,1
MKRN1 , Q8V1H6,1
DDB1 , Q8V1H6,1
L3MBTL3 , Q8V1H6,1
DDB1 , P11207,1
STAT2 , P11207,1
LMNA , P10215,1
LMNA , P10218,1
NAP1L1 , P04296,1
PARP1 , P04296,1
LMNA , P04296,1
ADNP , P04296,1
SF3B3 , P04296,1
DDX42 , P04296,1
IMPDH2 , P04296,1
XRCC6 , P04296,1
XRCC4 , P04296,1
PCNA , P04296,1
DEK , P04296,1
POLR1A , P04296,1
WRN , P04296,1
PRKDC , P04296,1
PRPF19 , P04296,1
MSH3 , P04296,1
MCM2 , P04296,1
RBBP4 , P04296,1
EMD , P04296,1
CHD3 , P04296,1
MRE11A , P04296,1
SMARCA1 , P04296,1
SMARCD1 , P04296,1
SMARCE1 , P04296,1
SMC1A , P04296,1
SMARCA5 , P04296,1
MSH6 , P04296,1
RCOR1 , P04296,1
BLM , P04296,1
BTAF1 , P04296,1
MSH2 , P04296,1
GTF2I , P04296,1
SMARCA4 , P04296,1
SUPT16H , P04296,1
SMARCC2 , P04296,1
SMARCC1 , P04296,1
PPP1CA , P04296,1
HDAC2 , P04296,1
BRCA1 , P04296,1
USP7 , P04296,1
RUVBL1 , P04296,1
SYNCRIP , P04296,1
XRCC5 , P04296,1
SF3B1 , P04296,1
RAD50 , P04296,1
PPP1CA , P36313,1
PPP1CA , P30119,1
USP7 , P08393,1
SH3KBP1 , P08393,1
HDAC3 , P08393,1
HDAC4 , P08393,1
HDAC7 , P08393,1
HDAC5 , P08393,1
CCND3 , P08393,1
CBL , P08393,1
ARHGEF10L , P29882,1
PICK1 , P29882,1
CSNK2A1 , P03211,1
NAP1L1 , P03211,1
PICK1 , P03211,1
KPNA1 , P03211,1
KPNA2 , P03211,1
USP7 , P03211,1
SRSF1 , P03211,1
C1QBP , P03211,1
TERF2 , P03211,1
ORC2 , P03211,1
MDFI , P03211,1
CSNK2A2 , P03211,1
EBNA1BP2 , P03211,1
TSG101 , P03211,1
KPNB1 , O92837,1
KPNA2 , O92837,1
SP1 , O92837,1
PARP1 , O92837,1
KPNB1 , P03087,1
KPNA2 , P03087,1
SP1 , P03087,1
PARP1 , P03087,1
IPO5 , P03101,1
TNPO1 , P03101,1
KPNB1 , P03101,1
KPNA2 , P03101,1
IPO5 , P04012,1
TNPO1 , P04012,1
KPNA2 , P04012,1
TNPO1 , P36741,1
PATZ1 , P03107,1
TINAGL1 , P03107,1
MAN2B1 , P03107,1
GADD45GIP1 , P03107,1
IPO5 , P03107,1
TNPO1 , P03107,1
KPNB1 , P03107,1
KPNA2 , P03107,1
PATZ1 , P04013,1
TINAGL1 , P04013,1
MAN2B1 , P04013,1
GADD45GIP1 , P04013,1
PATZ1 , P03105,1
TINAGL1 , P03105,1
PML , P04489,1
RPA2 , P04489,1
RPA2 , P03265,1
ATR , P03265,1
ATRIP , P03265,1
GZMB , P03265,1
TOPBP1 , P03265,1
JUND , Q7LYY4,1
ENOX2 , P03206,1
GPRASP1 , P03206,1
ARMCX5-GPRASP2 , P03219,1
TSC22D4 , P03219,1
ENOX2 , P03219,1
GPRASP1 , P03219,1
RABAC1 , P03230,1
TRADD , P03230,1
ZMYND11 , P03230,1
EGFL7 , P03230,1
TRAF2 , P88961,1
IKBKG , P88961,1
HLA-A , P06927,1
ATP6V0A1 , P06927,1
GRN , Q1HVH9,1
CCHCR1 , Q1HVH9,1
GAPDH , Q1HVH9,1
HLA-B , Q1HVH9,1
IGLL1 , Q1HVH9,1
NUCB2 , Q1HVH9,1
CIR1 , Q1HVH9,1
RPL3 , Q1HVH9,1
CERS4 , Q1HVH9,1
HBB , Q1HVH9,1
CD74 , Q1HVH9,1
HLA-A , Q1HVH9,1
DNAJA3 , Q9WMX2,1
TAF1 , Q9WMX2,1
NAP1L1 , Q9WMX2,1
JUN , Q9WMX2,1
PKM , Q9WMX2,1
ACTN1 , Q9WMX2,1
SERTAD1 , Q9WMX2,1
PICK1 , Q9WMX2,1
KPNA1 , Q9WMX2,1
DDX3X , Q9WMX2,1
LMNB1 , Q9WMX2,1
SLIT2 , Q9WMX2,1
STAT3 , Q9WMX2,1
GNB2 , Q9WMX2,1
GLYR1 , Q9WMX2,1
GOLGA2 , Q9WMX2,1
GON4L , Q9WMX2,1
GIN1 , Q9WMX2,1
GFAP , Q9WMX2,1
HIVEP2 , Q9WMX2,1
HOXD8 , Q9WMX2,1
GBP2 , Q9WMX2,1
HSFX2 , Q9WMX2,1
INF2 , Q9WMX2,1
INO80E , Q9WMX2,1
GAA , Q9WMX2,1
ITGAL , Q9WMX2,1
ITGB1 , Q9WMX2,1
FXYD6-FXYD2 , Q9WMX2,1
FUCA2 , Q9WMX2,1
FTH1 , Q9WMX2,1
FRS3 , Q9WMX2,1
FRMPD4 , Q9WMX2,1
JAG2 , Q9WMX2,1
KANSL2 , Q9WMX2,1
KIAA1549 , Q9WMX2,1
KIAA2022 , Q9WMX2,1
FLAD1 , Q9WMX2,1
KIF17 , Q9WMX2,1
KIF7 , Q9WMX2,1
FIGNL1 , Q9WMX2,1
FHL2 , Q9WMX2,1
FES , Q9WMX2,1
LAMA5 , Q9WMX2,1
LAMC3 , Q9WMX2,1
LDB1 , Q9WMX2,1
FBN3 , Q9WMX2,1
FBN1 , Q9WMX2,1
LIMS2 , Q9WMX2,1
LPXN , Q9WMX2,1
LRRC7 , Q9WMX2,1
FBF1 , Q9WMX2,1
FAM65A , Q9WMX2,1
FAM208B , Q9WMX2,1
FAM178A , Q9WMX2,1
LRRCC1 , Q9WMX2,1
FAM135A , Q9WMX2,1
FAM120B , Q9WMX2,1
LRRTM1 , Q9WMX2,1
MEGF6 , Q9WMX2,1
MEGF8 , Q9WMX2,1
MLLT4 , Q9WMX2,1
MLXIP , Q9WMX2,1
MOB1A , Q9WMX2,1
MORC4 , Q9WMX2,1
ELAC2 , Q9WMX2,1
EIF4ENIF1 , Q9WMX2,1
MORF4L1 , Q9WMX2,1
MSANTD3 , Q9WMX2,1
EIF1 , Q9WMX2,1
MVP , Q9WMX2,1
NAP1L2 , Q9WMX2,1
NCAN , Q9WMX2,1
EEF1A1 , Q9WMX2,1
NDC80 , Q9WMX2,1
NEFL , Q9WMX2,1
NEFM , Q9WMX2,1
NELL1 , Q9WMX2,1
NELL2 , Q9WMX2,1
NFE2 , Q9WMX2,1
NID1 , Q9WMX2,1
NID2 , Q9WMX2,1
DPP7 , Q9WMX2,1
DPF1 , Q9WMX2,1
DOCK7 , Q9WMX2,1
NOTCH1 , Q9WMX2,1
AEBP1 , Q9WMX2,1
NUP62 , Q9WMX2,1
OBSCN , Q9WMX2,1
PABPN1 , Q9WMX2,1
DLAT , Q9WMX2,1
PAK4 , Q9WMX2,1
PARVG , Q9WMX2,1
DES , Q9WMX2,1
PCYT2 , Q9WMX2,1
DEAF1 , Q9WMX2,1
PDE4DIP , Q9WMX2,1
PDLIM5 , Q9WMX2,1
DDX3Y , Q9WMX2,1
PFN1 , Q9WMX2,1
PKNOX1 , Q9WMX2,1
PLEKHG4 , Q9WMX2,1
DCAF6 , Q9WMX2,1
PMVK , Q9WMX2,1
PNPLA8 , Q9WMX2,1
POU3F2 , Q9WMX2,1
PPP1R13L , Q9WMX2,1
CTGF , Q9WMX2,1
PRRC1 , Q9WMX2,1
PSMA6 , Q9WMX2,1
PSMB9 , Q9WMX2,1
AGRN , Q9WMX2,1
PTPRN2 , Q9WMX2,1
RABEP1 , Q9WMX2,1
CREB3 , Q9WMX2,1
RAI14 , Q9WMX2,1
COX3 , Q9WMX2,1
CORO1B , Q9WMX2,1
COL4A2 , Q9WMX2,1
RASAL2 , Q9WMX2,1
RBM4 , Q9WMX2,1
RCN3 , Q9WMX2,1
RINT1 , Q9WMX2,1
CHPF , Q9WMX2,1
ROGDI , Q9WMX2,1
RPL18A , Q9WMX2,1
CFP , Q9WMX2,1
RRBP1 , Q9WMX2,1
CEP85 , Q9WMX2,1
CEP68 , Q9WMX2,1
CEP63 , Q9WMX2,1
CEP250 , Q9WMX2,1
CEP152 , Q9WMX2,1
CEP120 , Q9WMX2,1
CENPC , Q9WMX2,1
CELSR2 , Q9WMX2,1
RSPH3 , Q9WMX2,1
RUSC2 , Q9WMX2,1
SBF1 , Q9WMX2,1
SDCCAG8 , Q9WMX2,1
SECISBP2 , Q9WMX2,1
Sep-10, Q9WMX2,1
SESTD1 , Q9WMX2,1
CDC23 , Q9WMX2,1
SETD2 , Q9WMX2,1
CD68 , Q9WMX2,1
SHARPIN , Q9WMX2,1
SIAH1 , Q9WMX2,1
SLC31A2 , Q9WMX2,1
SLIT1 , Q9WMX2,1
SMEK2 , Q9WMX2,1
SMURF2 , Q9WMX2,1
SMYD3 , Q9WMX2,1
SORBS2 , Q9WMX2,1
SORBS3 , Q9WMX2,1
SPICE1 , Q9WMX2,1
SPOCK3 , Q9WMX2,1
SPON1 , Q9WMX2,1
SRPX2 , Q9WMX2,1
SRRT , Q9WMX2,1
CCDC66 , Q9WMX2,1
CCDC37 , Q9WMX2,1
SSX2IP , Q9WMX2,1
CBY1 , Q9WMX2,1
STAB1 , Q9WMX2,1
SYNE1 , Q9WMX2,1
SYNPO2 , Q9WMX2,1
TBC1D2B , Q9WMX2,1
TBXAS1 , Q9WMX2,1
TGFB1I1 , Q9WMX2,1
THAP1 , Q9WMX2,1
CALCOCO2 , Q9WMX2,1
CADPS2 , Q9WMX2,1
CADPS , Q9WMX2,1
THBS1 , Q9WMX2,1
C7 , Q9WMX2,1
C1orf94 , Q9WMX2,1
TMEM179B , Q9WMX2,1
C19orf66 , Q9WMX2,1
BZRAP1 , Q9WMX2,1
TMEM63B , Q9WMX2,1
TMF1 , Q9WMX2,1
TMSB4X , Q9WMX2,1
TP53BP2 , Q9WMX2,1
ACTN2 , Q9WMX2,1
TRIM23 , Q9WMX2,1
TRIM27 , Q9WMX2,1
TRIO , Q9WMX2,1
BIN1 , Q9WMX2,1
TRIOBP , Q9WMX2,1
BEND7 , Q9WMX2,1
BEND5 , Q9WMX2,1
BCL6 , Q9WMX2,1
TRIP11 , Q9WMX2,1
BCL2A1 , Q9WMX2,1
BCKDK , Q9WMX2,1
BCAR1 , Q9WMX2,1
BCAN , Q9WMX2,1
TUBB4B , Q9WMX2,1
UBA3 , Q9WMX2,1
UBASH3A , Q9WMX2,1
UBQLN1 , Q9WMX2,1
UBQLN4 , Q9WMX2,1
USHBP1 , Q9WMX2,1
B2M , Q9WMX2,1
AXIN1 , Q9WMX2,1
USP19 , Q9WMX2,1
UXT , Q9WMX2,1
VCAN , Q9WMX2,1
VPS52 , Q9WMX2,1
VPS9D1 , Q9WMX2,1
XAB2 , Q9WMX2,1
ASXL1 , Q9WMX2,1
XRN2 , Q9WMX2,1
ARHGEF6 , Q9WMX2,1
ARHGEF28 , Q9WMX2,1
YY1AP1 , Q9WMX2,1
ARFIP2 , Q9WMX2,1
ARFIP1 , Q9WMX2,1
ZBTB1 , Q9WMX2,1
ZCCHC7 , Q9WMX2,1
ZHX3 , Q9WMX2,1
ANKRD28 , Q9WMX2,1
ANKRD12 , Q9WMX2,1
ZMYM2 , Q9WMX2,1
ALG13 , Q9WMX2,1
ZNF281 , Q9WMX2,1
ZNF410 , Q9WMX2,1
ZNF646 , Q9WMX2,1
ZZZ3 , Q9WMX2,1
ACLY , Q9WMX2,1
L3MBTL3 , Q9WMX2,1
KHDRBS1 , Q9WMX2,1
SF3B2 , Q9WMX2,1
MAGED1 , Q9WMX2,1
HNRNPK , Q9WMX2,1
PSME3 , Q9WMX2,1
RNF31 , Q9WMX2,1
MMRN2 , Q9WMX2,1
EFEMP1 , Q9WMX2,1
PLSCR1 , Q9WMX2,1
SNX4 , Q9WMX2,1
PARP4 , Q9WMX2,1
LZTS2 , Q9WMX2,1
VIM , Q9WMX2,1
FN1 , Q9WMX2,1
LTBP4 , Q9WMX2,1
GRN , Q9WMX2,1
VWF , Q9WMX2,1
SLIT3 , Q9WMX2,1
HOMER3 , Q9WMX2,1
EGFL7 , Q9WMX2,1
FBLN2 , Q9WMX2,1
TRAF3IP3 , Q9WMX2,1
TXNDC11 , Q9WMX2,1
LAMB2 , Q9WMX2,1
NUCB1 , Q9WMX2,1
EFEMP2 , Q9WMX2,1
FBLN5 , Q9WMX2,1
NR4A1 , Q9WMX2,1
CSNK2B , Q9WMX2,1
MAPK7 , Q9WMX2,1
CCHCR1 , Q9WMX2,1
GAPDH , Q9WMX2,1
CD5L , Q9WMX2,1
GPS2 , Q9WMX2,1
FBLN1 , Q9WMX2,1
UBE2I , Q777G9,1
ACTN1 , Q777G9,1
EFEMP1 , Q777G9,1
PLSCR1 , Q777G9,1
LTBP4 , Q777G9,1
GRN , Q777G9,1
HOMER3 , Q777G9,1
BAG6 , Q777G9,1
TSNARE1 , Q777G9,1
CASKIN2 , Q777G9,1
RBPMS , Q777G9,1
DKK3 , Q777G9,1
MARCO , Q777G9,1
EGFL7 , Q777G9,1
FBLN2 , Q777G9,1
TRAF3IP3 , Q777G9,1
TXNDC11 , Q777G9,1
LAMB2 , Q777G9,1
NUCB1 , Q777G9,1
EFEMP2 , Q777G9,1
FBLN5 , Q777G9,1
HOMER3 , P03215,1
NUCB1 , P03215,1
HOMER3 , P03212,1
HOMER3 , Q777C5,1
HOMER3 , P0C6Z3,1
HOMER3 , P03200,1
OPTN , Q777C8,1
SHROOM3 , Q777C8,1
TUBA1A , Q777C8,1
RBCK1 , Q777C8,1
HOMER3 , Q777C8,1
LMNB1 , P03208,1
SLIT2 , P03208,1
GRN , P03208,1
VWF , P03208,1
HOMER3 , P03208,1
GRN , Q1HVI2,1
VWF , Q1HVI2,1
SLIT3 , Q1HVI2,1
PRMT1 , Q1HVI2,1
HOMER3 , Q1HVI2,1
GRN , P03205,1
GRN , Q1HVB5,1
GRN , P03199,1
TNXB , P0C6Z1,1
TRAF1 , P0C6Z1,1
ACTN1 , P0C6Z1,1
FN1 , P0C6Z1,1
LTBP4 , P0C6Z1,1
GRN , P0C6Z1,1
VWF , P0C6Z1,1
GPRASP1 , P03188,1
AP2B1 , P03188,1
LAMB1 , P03188,1
PDE6G , P03188,1
FAM168B , P03188,1
TRAF2 , P03188,1
LZTS2 , P03188,1
VIM , P03188,1
FN1 , P03188,1
LTBP4 , P03188,1
GRN , P03188,1
VWF , P03188,1
FBLN5 , P03188,1
TRAF2 , P0C723,1
SEPP1 , P0C723,1
PHYHD1 , P0C723,1
NTN4 , P0C723,1
EFEMP1 , P0C723,1
PLSCR1 , P0C723,1
SNX4 , P0C723,1
PARP4 , P0C723,1
LZTS2 , P0C723,1
FBLN5 , P0C723,1
SH3GLB1 , P0C723,1
SEPP1 , P03204,1
VWF , P03204,1
FBLN5 , P03204,1
PSMA3 , P03204,1
FBLN5 , Q777B8,1
ELF2 , P03227,1
FBLN5 , P03227,1
ZMYND11 , P12978,1
EFEMP2 , P12978,1
FBLN5 , P12978,1
SH3GLB1 , P12978,1
AES , P12978,1
DYNLL1 , P12978,1
RCBTB1 , P12978,1
CD46 , P12978,1
SRI , P12978,1
CBX3 , P12978,1
BLNK , P12978,1
FCHSD1 , P12978,1
KRT36 , P12978,1
GCA , P12978,1
CD5L , P12978,1
PSMA3 , P12978,1
ACTN1 , P03203,1
ZYX , P03203,1
ACTN4 , P03203,1
SH3GLB1 , P03203,1
PSMA3 , P03203,1
PSME3 , Q777C4,1
LTBP4 , Q777C4,1
PSMA3 , Q777C4,1
TES , Q777C4,1
APOL3 , Q777C4,1
SERTAD1 , P03189,1
PSMA3 , P03189,1
SERTAD1 , Q1HVD9,1
PKM , P03228,1
ACTN1 , P03228,1
SARAF , P03228,1
SERTAD1 , P03228,1
PKM , P26663,1
PKM , P03233,1
ACTN1 , P03233,1
PSME3 , P03233,1
RNF31 , P03233,1
MMRN2 , P03233,1
EFEMP1 , P03233,1
EFEMP2 , P03233,1
PSMA3 , P03233,1
TSG101 , P03233,1
IMMT , P03233,1
NCKIPSD , P03233,1
NCKIPSD , P15054,1
RAF1 , P15054,1
HCK , P04324,1
MAP3K5 , P04324,1
AP1B1 , P04324,1
LYN , P04604,1
HCK , P04604,1
SRC , P04604,1
LYN , P03407,1
HCK , P03407,1
FYN , P03407,1
SRC , P03407,1
LYN , Q9QPN3,1
HCK , Q9QPN3,1
FYN , Q9QPN3,1
SRC , Q9QPN3,1
LYN , Q85737,1
HCK , Q85737,1
FYN , Q85737,1
SRC , Q85737,1
LYN , Q9E3E3,1
HCK , Q9E3E3,1
FYN , Q9E3E3,1
RAF1 , O39474,1
FKBP5 , O39474,1
GRB2 , O39474,1
FKBP8 , O39474,1
LCK , O39474,1
LYN , O39474,1
HCK , O39474,1
FYN , O39474,1
CD4 , P22575,1
LCK , P22575,1
LYN , P22575,1
BTRC , P69700,1
CD4 , P69700,1
BTRC , O09528,1
CD4 , O09528,1
